{
  "timestamp": "2026-02-04 09:08:17",
  "task_count": 10,
  "results": [
    {
      "mode": "serial",
      "total_time": 10.01371955871582,
      "tasks": 10,
      "success_count": 8,
      "throughput": 0.9986299238124879
    },
    {
      "mode": "parallel_2",
      "total_time": 0.005418539047241211,
      "tasks": 10,
      "success_count": 0,
      "throughput": 1845.5159061908744
    },
    {
      "mode": "parallel_4",
      "total_time": 0.0045435428619384766,
      "tasks": 10,
      "success_count": 0,
      "throughput": 2200.9256441202706
    },
    {
      "mode": "parallel_8",
      "total_time": 0.0047986507415771484,
      "tasks": 10,
      "success_count": 0,
      "throughput": 2083.9191136284594
    }
  ]
}